date,bucket,n_trades,dollar_vol,outside_nbbo_share,quoted_bps,eff_half_bps,eff_half_bps_wmean,signed_bps
2026-05-01,09:30,90505,4392508050.4691,0.09745317938235454,0.2977963073255183,0.14830414213455495,0.13889753199466223,0.014956845288158629
2026-05-01,10:00,66167,2715311370.4087,0.05721885532062809,0.29621291784676157,0.07407901267485169,0.11014823691308902,-0.004441513375284044
2026-05-01,10:30,66259,2296060800.4166,0.10291432107336362,0.4449817186690063,0.1112908251834271,0.12829832878791178,-0.006692217595012933
2026-05-01,11:00,58288,1674231400.3436,0.09152827340104308,0.297159158444993,0.0742947570189296,0.11600713858799958,-0.019738039586240506
2026-05-01,11:30,64302,2031666377.4316,0.09502037261671492,0.2961558964653127,0.07409218549712822,0.1333884021689552,-0.007042312722881605
2026-05-01,12:00,43777,1932026032.6325002,0.06820933366836468,0.2963972909284914,0.07415262092431914,0.10614743968752054,-0.0036387203007813055
2026-05-01,12:30,24507,923089105.0093,0.027461541600359074,0.29668748423820757,0.07419773696895496,0.08989193928522872,0.0006456641048348395
2026-05-01,13:00,20258,839709654.4131,0.027544673709151923,0.14834924378959485,0.07413063300140778,0.08517349091418712,0.006581015027522486
2026-05-01,13:30,20700,612669945.9501,0.02352657004830916,0.2961602819460026,0.07405706837682388,0.09118072802996606,0.009151154454662002
2026-05-01,14:00,33173,1006241620.2497,0.024688752901456,0.29640168356129304,0.07411524921245806,0.09930972690022978,0.004684956542167712
2026-05-01,14:30,25190,1044993247.5732001,0.04799523620484314,0.2965599051005607,0.07422857948760683,0.09188871096915893,0.00858695288725858
2026-05-01,15:00,28762,1371782995.0536,0.020791321883040115,0.14830304243678072,0.07408559850044011,0.08072963136178211,0.019029672124323972
2026-05-01,15:30,58474,2411470219.7583,0.026387796285528564,0.14836685187781848,0.07412294030872876,0.08638022861598182,-0.004935332945916579
2026-05-04,09:30,71232,2319210457.8965006,0.17211365678346813,0.4449817186690063,0.14821841465738708,0.16835984351042066,-0.007143266903048235
2026-05-04,10:00,53522,1419034887.9317,0.10192070550427856,0.44384279088306544,0.14793118241380648,0.1437771282269658,-0.0029003001518784263
2026-05-04,10:30,63387,1785955312.2474,0.07339044283528173,0.2958492352294579,0.07400774120966323,0.11662419256932202,0.0032576163734682143
2026-05-04,11:00,78036,2422283277.6054,0.13170844225741962,0.4446783122971743,0.14817009927383176,0.1524325906653984,0.00705768644933358
2026-05-04,11:30,65902,1755354099.9262,0.13374404418682284,0.4464186067271224,0.14876082234969065,0.15620435486038214,-0.007851865082163983
2026-05-04,12:00,72742,2049937049.1018999,0.14281982898463064,0.4477645355558283,0.1492515037087641,0.1826891303175366,-0.0049510631366546905
2026-05-04,12:30,28443,1131084161.164,0.08353549203670496,0.2980625931442893,0.07596916545593192,0.1376806871470189,0.003388245149324988
2026-05-04,13:00,33826,1353152953.4927998,0.05877135930940691,0.2974950913307225,0.07441195949175351,0.11028604486856522,0.0027173429514429576
2026-05-04,13:30,31246,843486183.2163,0.01728221212315173,0.2971547433323202,0.07432126108309046,0.0979659555120045,-0.0016045956313701392
2026-05-04,14:00,20696,822069682.731,0.035175879396984966,0.29730493080200693,0.07439645872849686,0.1151668433928364,0.011338346614515842
2026-05-04,14:30,19406,678505969.8547001,0.05889930949190969,0.29768106450721593,0.07445739175749902,0.11808745239911413,-0.0030220949132069587
2026-05-04,15:00,25793,1760768936.8080997,0.05912456868142524,0.29739776951645813,0.1338140727785134,0.1396664815555916,-0.01574080185431514
2026-05-04,15:30,46145,2142367238.7231,0.02880052009968581,0.29724307052064813,0.07435110076797924,0.10277205685274443,0.0003254239094182854
2026-05-05,09:30,71697,3371240212.2848997,0.07593065260750098,0.2943860578760312,0.07370663285982403,0.12917572291438018,0.004368342058989878
2026-05-05,10:00,67367,2071143552.7819996,0.10334436742025022,0.2939015429828334,0.07357214852738653,0.11894189761450039,-0.00269871574753795
2026-05-05,10:30,54179,1256282814.6341,0.09167758725705533,0.2938713137531113,0.07347484588644393,0.11127570526587659,-0.0133894040751702
2026-05-05,11:00,49896,1436291603.5033998,0.06070626903960241,0.29353920216018153,0.07339934380979958,0.09134787757184393,0.011621754019005354
2026-05-05,11:30,46644,1286186527.982,0.050681759711860064,0.29339709830243094,0.07337133968722462,0.09534015084609919,-0.028744332487703927
2026-05-05,12:00,38125,960087314.7344999,0.03294426229508196,0.2933755794165025,0.07338641617429938,0.09150336351247305,-0.006551962232056244
2026-05-05,12:30,20136,706092433.8564999,0.024781485895907784,0.2936146161511444,0.07342952601234282,0.0906295133295845,0.0025929099541034703
2026-05-05,13:00,17437,609356956.1847999,0.025635143660033277,0.1468417999866507,0.07337564662281913,0.07925074363225337,0.0028447950076978825
2026-05-05,13:30,27846,1434262939.4647002,0.019140989729225066,0.146712538786994,0.07330572151149731,0.07438198216060024,0.0157208205851583
2026-05-05,14:00,19937,748027501.8946,0.023774890906354984,0.146602845561099,0.0732530967762651,0.06977844754424227,0.0003986350482938802
2026-05-05,14:30,16942,905477555.1978,0.014343052768268194,0.29300165545908685,0.07326705107439467,0.0778447827968803,-0.007315829213380181
2026-05-05,15:00,19395,768969086.9879999,0.02835782418149002,0.14658565366194276,0.0732713457747412,0.0808055936570316,0.010906774985984101
2026-05-05,15:30,44759,2030947816.9719,0.03228400991979263,0.14683317548753616,0.07335949822096544,0.08252351206828334,0.0047929162043133695
2026-05-06,09:30,94912,3943812361.2222004,0.10526593054619016,0.290570971959637,0.14491283492965795,0.14374940070003075,0.012256089800979636
2026-05-06,10:00,79593,2378913660.3725,0.09615167162941463,0.29045281593978634,0.07263904930005669,0.12164618990404186,-0.010575888230468662
2026-05-06,10:30,78748,1975696316.1352,0.09577386092345197,0.28946073465272665,0.07244329501076438,0.11141387622734865,0.011943100158829014
2026-05-06,11:00,62611,1426547121.0267,0.06187411157783773,0.2889421826706275,0.07228097058880732,0.08272238696794139,0.005466974094466652
2026-05-06,11:30,53961,1164836604.6783,0.0849317099386594,0.28903404821061635,0.07228724057909963,0.10568504921401582,-0.01882456028904748
2026-05-06,12:00,36510,1067438345.8047001,0.04428923582580113,0.28878781315402224,0.07223293677444474,0.10487788849972034,-0.024158578642779004
2026-05-06,12:30,23730,994627637.3651999,0.04209860935524656,0.2891343318102962,0.07234895347232222,0.11367896460020399,-0.005232561535329844
2026-05-06,13:00,18587,653856873.4705,0.019637380965190743,0.2888628912284156,0.07225485733271848,0.09547152798110388,-0.01672761813381851
2026-05-06,13:30,25334,898276306.5049,0.008565564064103581,0.28867943592176065,0.07218392463991703,0.0890581735628634,-0.0033500335587740666
2026-05-06,14:00,23769,1055774800.849,0.017375573225629992,0.28835894921972677,0.07213601967864057,0.10228221820868558,0.0175180258512084
2026-05-06,14:30,24933,1085355762.3737001,0.015481490394256614,0.28815952511447857,0.07207674732048136,0.1064888325705573,-0.015350828270444488
2026-05-06,15:00,30508,1503918169.8391,0.012324636161006985,0.14415349464096272,0.07197817621690555,0.07858213791386934,0.004510679374156446
2026-05-06,15:30,73371,3929321203.8251996,0.023783238609259794,0.14392734547587283,0.07190158111570334,0.0871874128942501,-0.00613265326594969
2026-05-07,09:30,74840,3030758356.6124,0.09997327632282205,0.43017845236092994,0.14199655765780722,0.13206820418343526,-0.00786553323608478
2026-05-07,10:00,75137,2709425340.5910006,0.08946324713523301,0.2861557832081184,0.07159784920054489,0.11003136268711954,0.0007955833550506518
2026-05-07,10:30,67610,1623966950.7852,0.0652714095547996,0.28576735679457343,0.07148218306580581,0.1068016192065655,0.00978668576165098
2026-05-07,11:00,62234,1474569835.5673,0.09419288491821187,0.286045280969343,0.07153434005988071,0.10910600320202418,-0.018524014103926147
2026-05-07,11:30,56018,1364045175.8621001,0.0871505587489736,0.2864057510288482,0.0716974368165686,0.11585423907432046,-0.0018057471626323866
2026-05-07,12:00,70787,2495083151.5659,0.08627290321669234,0.2873563218388191,0.07199994239998059,0.10722983544513702,-0.007934587423917817
2026-05-07,12:30,35215,1635501680.1692,0.0453215959108334,0.28742239595283126,0.07194503399396313,0.10867661269661119,-0.004551368664940244
2026-05-07,13:00,45400,2101346687.6360002,0.057136563876652,0.2880640654478937,0.07219538960235432,0.1263869385195789,-0.00337241127562567
2026-05-07,13:30,48257,1713984495.2529998,0.05680004973371744,0.28836726454950545,0.14259787399556373,0.13173804657793967,-0.006218853244943532
2026-05-07,14:00,37037,1638144884.476,0.05262305262305267,0.28781119585525705,0.07203105979291723,0.11955400372553057,0.0022965311339111245
2026-05-07,14:30,41070,1798369097.1605,0.05607499391283177,0.2884712466298697,0.07216933813493433,0.12344285446642209,-0.011273306234082662
2026-05-07,15:00,36000,1632171533.6467,0.05094444444444446,0.2883714223917787,0.07217663065046233,0.12366064611094939,-0.01819140876052946
2026-05-07,15:30,70304,4223123142.6591,0.1025972917614929,0.28790234352645094,0.14252807371171908,0.1329290590669267,-0.008344030119574901
2026-05-08,09:30,78749,3400983847.0115,0.07102312410316325,0.42616965814213337,0.14204545454532536,0.15123580914257573,0.009277364537180107
2026-05-08,10:00,77296,2505889959.5625,0.05979610846615613,0.2837684449486636,0.14154882726783732,0.13270297776651094,0.014688716703653903
2026-05-08,10:30,66022,2256894385.2980003,0.07635333676653233,0.2836155307878201,0.0709325502379142,0.11206071752194595,0.018369290752968483
2026-05-08,11:00,60603,1669817283.7427,0.07054106232364732,0.2830055186073554,0.07077591637111284,0.11052189583534953,0.006880176034731607
2026-05-08,11:30,59411,2680830999.6530004,0.07836932554577436,0.28278143822613766,0.07070185733772796,0.11104673532458086,0.014305063717994953
2026-05-08,12:00,39694,1179625091.9241,0.05509648813422685,0.2826255917470757,0.07065889418824169,0.10906489555775342,0.013896220451211213
2026-05-08,12:30,30713,1112556783.5465999,0.02803373164458045,0.2823064436443194,0.0706139886310836,0.10061664829561066,0.004983992739369461
2026-05-08,13:00,33580,1462699135.7438998,0.0251340083382966,0.2817853922450097,0.07050943063628348,0.11144039717287041,0.011847643699914067
2026-05-08,13:30,34034,1543868700.5603,0.01821707704060649,0.4223656701179486,0.07052335380854959,0.11443115869453814,0.010127199661434357
2026-05-08,14:00,25723,977454295.5623,0.06713835866734053,0.28182509934309125,0.07048756246953812,0.12374576134641545,0.011475329124423624
2026-05-08,14:30,24390,1549077067.8427,0.025338253382533815,0.28187673530339535,0.07051937519827162,0.09760843861407863,-0.011384958404986037
2026-05-08,15:00,30288,1361387922.1474001,0.04734548335974642,0.2816861734339208,0.07045180744105582,0.09841309755545569,0.009652378207241448
2026-05-08,15:30,79488,4806152541.673201,0.029350342190016088,0.1407945033824599,0.07034278036867288,0.08131034269350255,0.002820801206921632
2026-05-11,09:30,99725,4086103151.9844003,0.149791927801454,0.4213571915134829,0.1403587569827205,0.14003907062456378,0.0008363908058767974
2026-05-11,10:00,66813,2075604559.9189,0.07562899435738557,0.28124252949505446,0.1264648849171592,0.11876799441203176,-0.015312934772060647
2026-05-11,10:30,76354,2219658398.5894003,0.10883516253241476,0.4213216861290047,0.14041196871608566,0.13551401826858578,0.012590131722253166
2026-05-11,11:00,57710,1586495609.9239998,0.07825333564373593,0.2808278805933261,0.07021535047985807,0.10919159456717016,-0.003555061534701045
2026-05-11,11:30,59888,1385371962.9996,0.07928132514026187,0.2803830031836859,0.0701277025462731,0.1085645760978766,-0.0026750787626683933
2026-05-11,12:00,52493,1122428895.8837001,0.04865410626178723,0.2799395330621955,0.06999125109354964,0.08184279115126439,0.008541168920891259
2026-05-11,12:30,29109,1211250420.0544,0.0531450754062317,0.280524580966152,0.0701582067561715,0.10836688954710624,0.008660733675057418
2026-05-11,13:00,21617,1024785996.6136,0.03677661100060137,0.280524580966152,0.07018184115195267,0.09511402921727427,-0.0076774434835277724
2026-05-11,13:30,25930,1014691304.5091,0.04138064018511378,0.28002576236988336,0.07002261730532597,0.08479052559237646,-0.0019766394873868445
2026-05-11,14:00,34259,1137723316.5488,0.03753758136548058,0.2800336040322292,0.07000693068607426,0.08082116458413577,-0.0017526051382330092
2026-05-11,14:30,28975,1345387102.3389,0.034374460742019,0.14015318743373775,0.07004910442213626,0.07770479839274214,-0.003205158485395735
2026-05-11,15:00,32592,1723067503.0057,0.04200417280314184,0.28043411200672336,0.0701769160051854,0.08774319826909917,-0.013494472222799817
2026-05-11,15:30,57239,2538388191.1329,0.057111410052586575,0.280418384229015,0.07017790097891789,0.10119170868426186,-0.0030608287700443593
2026-05-12,09:30,92160,3553668990.0597,0.0986653645833333,0.42346265412398143,0.14107556006984517,0.15209599741697105,0.010148270674049515
2026-05-12,10:00,74242,2122762068.2784,0.10741898116968829,0.42507669091926686,0.14161497719985988,0.15904094196093435,-0.0037062016041719457
2026-05-12,10:30,87620,2388614101.1847,0.12446929924674732,0.42621204048975625,0.14183592420275312,0.13951405195480102,-0.0048461354161963574
2026-05-12,11:00,103870,3222256164.0585003,0.10103013382112258,0.28561636010484703,0.07144030805054334,0.11268925679614472,-0.0028388990736580495
2026-05-12,11:30,87046,2169975769.8845,0.10075132688463573,0.28584495769631113,0.07147503019813525,0.11075624653663657,-0.013336435597269129
2026-05-12,12:00,56969,1625147666.622,0.083606873913883,0.4284520740663159,0.07154815906742898,0.12105100026245241,0.004844579487057965
2026-05-12,12:30,50072,1712349907.3657,0.04026202268733026,0.2869316959095277,0.07172211981890814,0.1084742377279204,-0.009468810536471665
2026-05-12,13:00,47630,2201934760.5245,0.03793827419693474,0.28629095749984695,0.07160912873166558,0.11514919117436222,0.007525454798973989
2026-05-12,13:30,33848,1269615772.5835001,0.03577759394942093,0.42810357252392334,0.14264317808987811,0.12945359300658857,0.01475813776286404
2026-05-12,14:00,34921,1493683670.5124998,0.062197531571260845,0.2852334635913103,0.14224953413264635,0.12612396154705427,0.02075659544112224
2026-05-12,14:30,30839,1380327985.6654,0.03735529686436001,0.2846286307937127,0.07121137672948155,0.10411682792065056,-0.00502901531667054
2026-05-12,15:00,29550,1276901212.6472,0.03204737732656515,0.2842968627838606,0.07113539199151286,0.10696782428579583,0.00417881552429703
2026-05-12,15:30,76223,3764526204.5505,0.0424412578880391,0.28276944393363135,0.07082403767832363,0.09589400959711235,0.01153917413789698
2026-05-13,09:30,83418,3823504356.2563,0.08356709583063604,0.5638965249871518,0.21166260979978635,0.21352559165878218,-0.041651148803664245
2026-05-13,10:00,63073,2154101697.0943003,0.09810854089705578,0.42436716247019035,0.14148073739747466,0.16878265950601135,0.009675295259183614
2026-05-13,10:30,65269,2007741354.723,0.12341233970184928,0.4223062142355584,0.14097214390423626,0.16233965139297105,-0.045542345021316155
2026-05-13,11:00,58309,1526893667.8339,0.09727486322866108,0.28146021559826917,0.07036356855867903,0.1051870664176195,-0.0013610057966447413
2026-05-13,11:30,59991,1611750483.9703,0.0861629244386658,0.2813414359664333,0.07035960795620048,0.11081849097535353,0.018052016551185282
2026-05-13,12:00,47930,1288840082.8513,0.07734195702065516,0.28100543745495915,0.0702646870761522,0.10898452223155133,0.016298806536797595
2026-05-13,12:30,27878,1546016244.9692,0.07525647463950069,0.2802965537536167,0.07009919035428766,0.11019726092820357,-0.00027307186320985505
2026-05-13,13:00,23762,954452664.2232,0.02579749179362012,0.2798886043368109,0.06996676578618789,0.09431029108845335,-0.0018021895785386812
2026-05-13,13:30,25416,846467299.0313,0.02171860245514634,0.2799669638980054,0.1399227626348982,0.15031901341052883,0.027010060809149476
2026-05-13,14:00,32351,1639625535.6347,0.03696949089672652,0.2792672028594422,0.0699242021647897,0.10302312929842038,0.017117073344821845
2026-05-13,14:30,29522,1545327783.6676998,0.03377142470022354,0.27950918187637047,0.06996578673022526,0.10934363441519512,-0.028931154052680985
2026-05-13,15:00,24545,1472622115.9325001,0.031167243837848857,0.2794740298755196,0.06990318408997173,0.08911330201400072,0.0014430494832933993
2026-05-13,15:30,57300,3445118092.1567,0.04061082024432805,0.2793920429143637,0.06997264069742364,0.09779981622688923,0.007179476837919596
2026-05-14,09:30,79708,3476877040.1825,0.10164600792894063,0.4183604454140404,0.1394991978794853,0.1688888223767609,0.013971733446901769
2026-05-14,10:00,63819,2193418850.3589,0.09711841301179902,0.41761500073044644,0.1392389200643923,0.14014096304700221,0.004772115237743291
2026-05-14,10:30,70962,1737316402.4738,0.09925030297905924,0.41630529054602206,0.13876169067231295,0.12746545148967753,0.0014741307424238946
2026-05-14,11:00,67539,1637003383.6408,0.07004841647048377,0.2772848269740158,0.06935726621393183,0.09360386235775331,0.003906818893063902
2026-05-14,11:30,57246,1230827086.2196002,0.06943716591552251,0.27728867137107893,0.06933322240011444,0.09321118312898645,0.019151690380175335
2026-05-14,12:00,44026,1104611963.142,0.04556398491800295,0.27713113845604004,0.06930631311357419,0.10477377519488754,-0.011635711294189355
2026-05-14,12:30,28870,1282095256.711,0.04922064426740558,0.2776004219523889,0.13740648725195362,0.1256145600594776,0.010861527800442599
2026-05-14,13:00,38169,1616730412.1184,0.0390631140454295,0.4159993344006866,0.13887731577911433,0.13418696060952728,-0.0003499582745649716
2026-05-14,13:30,32258,1178407151.0386,0.03025606051212104,0.4159877976924658,0.138698178892785,0.13050027499731756,-0.005380774008370904
2026-05-14,14:00,30237,1375021388.8328,0.047954492839898166,0.41654806617522394,0.138925549797737,0.13892261930697042,0.006655555388721842
2026-05-14,14:30,20725,857982359.9298,0.038841978287092904,0.2778510995970534,0.06951057603408037,0.10730300296978032,-0.004650179024616579
2026-05-14,15:00,22649,817868514.503,0.020574859817210522,0.2775811577907567,0.06941311213681951,0.10342175271102565,-0.009654435860549966
2026-05-14,15:30,51903,2085664998.6505,0.03400574147929791,0.277558044327345,0.0694574677195787,0.09834249066422705,0.009793224728822285
2026-05-15,09:30,117736,4969908796.68,0.09061799279744509,0.5637693619535119,0.14155684215144587,0.20011604454095572,-0.02399140555362678
2026-05-15,10:00,97611,3162963434.7732,0.1009927159848788,0.4235762543147979,0.14072416656099557,0.15594942829283445,0.006171360349968814
2026-05-15,10:30,78586,1974281481.6648,0.14426233680299294,0.5619477107665993,0.14067665470902307,0.15673497918893045,0.009335302393200164
2026-05-15,11:00,71149,1634391862.9417,0.13262308676158485,0.4218667604144519,0.0859845227867498,0.12449188221381284,0.003693662238112068
2026-05-15,11:30,70156,2468466722.8297,0.13706596727293463,0.42151703982595157,0.14051653879648857,0.1379718756159984,0.008429350746381944
2026-05-15,12:00,50279,2109052851.4865,0.10746037112909967,0.42222300411629027,0.13931496439751212,0.125948147441375,-0.008710347589430949
2026-05-15,12:30,25527,1431674527.4912002,0.042660712187095995,0.2813493514894889,0.07034871859802676,0.11361370796712243,-0.0016870705425495744
2026-05-15,13:00,26043,1247260497.2171,0.04772875628767803,0.28122671091274676,0.0702913576775096,0.11372622124119552,0.008733520040977846
2026-05-15,13:30,40858,2004227447.3209002,0.028391012775955793,0.2801277382483866,0.0700579379145917,0.09622859797865893,-0.012765602957799526
2026-05-15,14:00,34252,2023307586.1587,0.03628985168749266,0.27999832000982533,0.07006873743135648,0.10658430731512414,0.017702577397106456
2026-05-15,14:30,30476,1478586073.2772,0.05656910355689726,0.28099359334581614,0.0995939093420033,0.11356913052527608,0.005258070443282707
2026-05-15,15:00,32825,1722711387.5509,0.05782178217821787,0.2814681378081443,0.07039229626703251,0.11678610534321188,-0.004999119572991393
2026-05-15,15:30,78340,3879278060.9146,0.04140924176665817,0.2813572674579625,0.07053131237606523,0.101948991730085,-0.0005233087076528663
2026-05-18,09:30,107617,3959175190.0789003,0.11966510867242164,0.7040319912146413,0.21138818621870722,0.22857303698057221,-0.01413812392963477
2026-05-18,10:00,86638,2696081031.996,0.10528867240702688,0.5657228523757151,0.21134351069731183,0.21248862631665902,-0.019837651745419228
2026-05-18,10:30,116929,3321606546.0158997,0.13117361817855278,0.42616965814213337,0.14184799568769194,0.15876882172647722,-0.01884210339372401
2026-05-18,11:00,82259,2043586009.6404,0.1589005458369297,0.7084009265893784,0.21279161317302595,0.21560024360809305,-0.019112431688521055
2026-05-18,11:30,64338,2570070016.9776,0.13335820199571014,0.5680607825032112,0.14228596633501098,0.17448924404142802,0.015983205078458993
2026-05-18,12:00,73468,2248871433.3887997,0.1372298143409375,0.4266788033077949,0.14210197237524733,0.15177770761608295,-0.011517654711332544
2026-05-18,12:30,45439,2530466659.2005,0.07066616782939761,0.42692775670933203,0.14241971088785738,0.15047207838312784,-0.012024591806456092
2026-05-18,13:00,30957,1286669386.8132,0.0718092838453338,0.42638771434826944,0.14201721248602417,0.14038724501575217,0.014975053530511035
2026-05-18,13:30,35425,1087537326.1355,0.036499647141848945,0.4266363280845651,0.14216864044116215,0.14963093784351092,0.04404772251045517
2026-05-18,14:00,47024,2010488697.9881,0.03932034705682208,0.28563267637791784,0.07146992188331037,0.12563080890161987,-0.006823967026321696
2026-05-18,14:30,37906,1476027724.9801002,0.04242072495119509,0.2857918577913362,0.07151796888961849,0.12071047119961843,-0.005236213067101531
2026-05-18,15:00,61184,2671625491.0789,0.09226268305439334,0.5686947744341125,0.14266352806891938,0.19793836686469424,-0.012525574807798626
2026-05-18,15:30,63270,3218171922.4949,0.044871186976450095,0.28370403994527077,0.07102827635675305,0.11638249147905216,0.007636160849605547
2026-05-19,09:30,91862,3967325282.4680996,0.08406087391957506,0.8534122265533399,0.28444646717461897,0.2761395061624204,-0.015526197734809764
2026-05-19,10:00,121091,4247039075.1884,0.10358325556812642,0.5725081582423613,0.21373458439452617,0.1999458527682312,0.0014078109966575477
2026-05-19,10:30,92811,2529903174.3002,0.1325166197972223,0.5743495491367139,0.21497825136670787,0.2082450418350969,-0.0024348420773347788
2026-05-19,11:00,77594,1994749197.5532002,0.12455859989174423,0.5723688917502128,0.21292558322334262,0.18629417523691616,0.0005256803552879389
2026-05-19,11:30,66142,1630147276.6217,0.12684829609023007,0.5717552887359008,0.14317212152436654,0.17732236613749133,0.026562274820660998
2026-05-19,12:00,51965,1580154799.7831,0.11080534975464251,0.5705401588949153,0.14293473599941262,0.1663492294941629,-0.0019078400265361863
2026-05-19,12:30,36694,1945201828.1219,0.05030795225377449,0.4261938755936201,0.14220300901554145,0.14432417354480384,0.0005770701507922584
2026-05-19,13:00,35377,1929961081.9139,0.06006727534839018,0.2838087129272287,0.12761794024665077,0.1292887497992059,0.006198342716024266
2026-05-19,13:30,34847,1490186288.112,0.04993256234396071,0.42517308087461947,0.14171733061223168,0.1438102608635312,-0.024948174531105715
2026-05-19,14:00,25310,1442535643.5512,0.07822994863690236,0.42514897928777223,0.1416872113121781,0.1475246958695517,-0.01747359323912466
2026-05-19,14:30,30792,1457226381.0368,0.0471875811899195,0.28473804100201894,0.14204747226510184,0.13524374482255577,-0.002257047868723548
2026-05-19,15:00,31260,1506922322.862,0.04766474728087011,0.2848272522728573,0.14057707599704655,0.12961281104107963,8.577561868046525e-05
2026-05-19,15:30,64126,3364342133.1493998,0.04355487633721111,0.2851561943051714,0.07137198364147644,0.11896571727332308,0.012916758950853533
